From;To;Type;Through;start_x;start_y;stop_x;stop_y;adjacency_rule_name;Comment
7567;12910;sea;5771;-1;-1;-1;-1;;Adelaide-Kangaroo Island
6550;8435;sea;7452;-1;-1;-1;-1;;Aegan Isle-Strait
3314;6336;sea;2752;-1;-1;-1;-1;;Afsluitdijk
6066;9228;sea;990;-1;-1;-1;-1;;Aland
13202;17247;sea;2970;-1;-1;-1;-1;;Alaska
13203;17241;sea;2970;-1;-1;-1;-1;;Alaska
17241;17248;sea;2970;-1;-1;-1;-1;;Alaska
17242;17248;sea;2970;-1;-1;-1;-1;;Alaska
17241;17245;sea;2970;-1;-1;-1;-1;;Alaska
17247;17248;sea;2970;-1;-1;-1;-1;;Alaska
13202;17248;sea;2970;-1;-1;-1;-1;;Alaska
10321;12251;sea;8313;-1;-1;-1;-1;;Andaman
2134;13084;sea;5507;-1;-1;-1;-1;;Anguilla-Virgin Islands
19943;19944;impassable;-1;3325;2559;3326;2559;;Antarctica
17598;17643;impassable;-1;3325;2559;3326;2559;;Antarctica
17585;17730;impassable;-1;3325;2559;3326;2559;;Antarctica
17561;17734;impassable;-1;3325;2559;3326;2559;;Antarctica
17598;17732;impassable;-1;3325;2559;3326;2559;;Antarctica
17585;17588;impassable;-1;3325;2559;3326;2559;;Antarctica
16453;17632;impassable;-1;3325;2559;3326;2559;;Antarctica
15278;19941;impassable;-1;3325;2559;3326;2559;;Antarctica
17568;17660;impassable;-1;3325;2559;3326;2559;;Antarctica
17730;17734;impassable;-1;3325;2559;3326;2559;;Antarctica
16410;17766;impassable;-1;3325;2559;3326;2559;;Antarctica
17561;17639;impassable;-1;3325;2559;3326;2559;;Antarctica
16453;17700;impassable;-1;3325;2559;3326;2559;;Antarctica
17643;17666;impassable;-1;3325;2559;3326;2559;;Antarctica
10995;17778;impassable;-1;3325;2559;3326;2559;;Antarctica
17566;17809;impassable;-1;3325;2559;3326;2559;;Antarctica
16451;17680;impassable;-1;3325;2559;3326;2559;;Antarctica
17705;17735;impassable;-1;3325;2559;3326;2559;;Antarctica
17639;17666;impassable;-1;3325;2559;3326;2559;;Antarctica
16459;17594;impassable;-1;3325;2559;3326;2559;;Antarctica
17653;17700;impassable;-1;3325;2559;3326;2559;;Antarctica
17591;17730;impassable;-1;3325;2559;3326;2559;;Antarctica
16459;17755;impassable;-1;3325;2559;3326;2559;;Antarctica
17639;17677;impassable;-1;3325;2559;3326;2559;;Antarctica
19948;19949;impassable;-1;3325;2559;3326;2559;;Antarctica
17700;17715;impassable;-1;3325;2559;3326;2559;;Antarctica
17724;17811;impassable;-1;3325;2559;3326;2559;;Antarctica
4450;19993;sea;2887;-1;-1;-1;-1;;Antigua-Montserrat
4450;19994;sea;2887;-1;-1;-1;-1;;Antigua-Saint Martin
153;19991;sea;2571;-1;-1;-1;-1;;Aruba-Curacao
153;17369;sea;2571;-1;-1;-1;-1;;Aruba-Zulia
1513;7245;sea;5674;-1;-1;-1;-1;;Bahamas
4647;10254;sea;7910;-1;-1;-1;-1;;Bahamas
10440;19987;sea;7230;-1;-1;-1;-1;;Bahamas
4647;7245;sea;7910;-1;-1;-1;-1;;Bahamas
1513;19987;sea;5674;-1;-1;-1;-1;;Bahamas
11047;16821;sea;17101;-1;-1;-1;-1;;Barents-Strait
12162;12219;sea;2291;-1;-1;-1;-1;;Bima-Sumba
12118;14725;sea;8751;-1;-1;-1;-1;;Bohol-Cebu
9833;11829;sea;5412;-1;-1;-1;-1;;Bosphorus
13041;13044;sea;7287;-1;-1;-1;-1;;Carolines 1
13029;13030;impassable;-1;3325;2559;3326;2559;;Carolines 1
13042;13043;sea;2414;-1;-1;-1;-1;;Carolines 2
13030;13032;impassable;-1;3325;2559;3326;2559;;Carolines 2
13032;13033;sea;7918;-1;-1;-1;-1;;Carolines 3
2489;13027;impassable;-1;3325;2559;3326;2559;;Carolines 4
2489;13034;impassable;-1;3325;2559;3326;2559;;Carolines 5
13031;13034;impassable;-1;3325;2559;3326;2559;;Carolines 6
13031;13036;impassable;-1;3325;2559;3326;2559;;Carolines 7
13035;13036;sea;2339;-1;-1;-1;-1;;Carolines 8
13035;13046;impassable;-1;3325;2559;3326;2559;;Carolines-Marshals
10288;12246;sea;5513;-1;-1;-1;-1;;Cobourg-Australia
3691;7813;sea;6261;-1;-1;-1;-1;;Cold Ass-Strait
13072;20000;sea;2605;-1;-1;-1;-1;;Comoros
19998;19999;sea;2605;-1;-1;-1;-1;;Comoros
19999;20000;sea;2605;-1;-1;-1;-1;;Comoros
19990;19991;sea;2571;-1;-1;-1;-1;;Curacao-Bonaire
83;6201;sea;1660;-1;-1;-1;-1;;Dagö-Estonia
7003;9941;sea;7226;-1;-1;-1;-1;;Dodecanes1-Strait
10007;10122;sea;7002;-1;-1;-1;-1;;Dodecanes3-Strait
7123;9377;sea;5533;-1;-1;-1;-1;;Dominica-Guadeloupe
13050;13057;impassable;-1;3325;2559;3326;2559;;Ellice thing
13020;13054;impassable;-1;3325;2559;3326;2559;;Ellice-Marshalls thing
13050;13080;impassable;-1;3325;2559;3326;2559;;Ellice-Samoa thing
83;185;sea;1885;-1;-1;-1;-1;;Estonia-Ösel
4286;12159;sea;8341;-1;-1;-1;-1;;Fiji-Sanua Levu
16816;16818;sea;17036;-1;-1;-1;-1;;Franz Josef Land
16817;16818;sea;17036;-1;-1;-1;-1;;Franz Josef Land
13056;13057;sea;8523;-1;-1;-1;-1;;Funafuti-Nukulaelae
3277;3325;sea;2408;-1;-1;-1;-1;;Fyn-Jylland
3325;11251;sea;2408;-1;-1;-1;-1;;Fyn-SdrJylland
13021;13022;sea;8316;-1;-1;-1;-1;;Gilbert Islands
379;11106;sea;5533;-1;-1;-1;-1;;Grenada-St Vincent
4450;9377;sea;2887;-1;-1;-1;-1;;Guadeloupe-Antigua
9377;19993;sea;2887;-1;-1;-1;-1;;Guadeloupe-Montserrat
12140;13029;impassable;-1;3325;2559;3326;2559;;Guam-Carolines
1070;4160;sea;5244;-1;-1;-1;-1;;Hainan-Strait
13052;20001;sea;5261;-1;-1;-1;-1;;Hawaii
13051;13052;sea;5932;-1;-1;-1;-1;;Hawaii
7195;10048;sea;5958;-1;-1;-1;-1;;Hawaii-Maui
13485;19662;impassable;-1;-1;-1;-1;-1;;Himalayas
12860;19712;impassable;-1;-1;-1;-1;-1;;Himalayas
16113;19627;impassable;-1;-1;-1;-1;-1;;Himalayas
18864;19688;impassable;-1;-1;-1;-1;-1;;Himalayas
10825;19688;impassable;-1;-1;-1;-1;-1;;Himalayas
16110;19688;impassable;-1;-1;-1;-1;-1;;Himalayas
4900;18879;impassable;-1;-1;-1;-1;-1;;Himalayas
4987;19627;impassable;-1;-1;-1;-1;-1;;Himalayas
16042;19662;impassable;-1;-1;-1;-1;-1;;Himalayas
16131;19712;impassable;-1;-1;-1;-1;-1;;Himalayas
1961;18877;impassable;-1;-1;-1;-1;-1;;Himalayas
18873;19627;impassable;-1;-1;-1;-1;-1;;Himalayas
2014;8010;impassable;-1;-1;-1;-1;-1;;Himalayas
1898;19662;impassable;-1;-1;-1;-1;-1;;Himalayas
10910;19688;impassable;-1;-1;-1;-1;-1;;Himalayas
1129;1961;impassable;-1;-1;-1;-1;-1;;Himalayas
1961;16042;impassable;-1;-1;-1;-1;-1;;Himalayas
8010;19712;impassable;-1;-1;-1;-1;-1;;Himalayas
12860;19623;impassable;-1;-1;-1;-1;-1;;Himalayas
10825;19668;impassable;-1;-1;-1;-1;-1;;Himalayas
4900;18873;impassable;-1;-1;-1;-1;-1;;Himalayas
10910;19627;impassable;-1;-1;-1;-1;-1;;Himalayas
4435;4900;impassable;-1;-1;-1;-1;-1;;Himalayas
3989;19662;impassable;-1;-1;-1;-1;-1;;Himalayas
1898;19668;impassable;-1;-1;-1;-1;-1;;Himalayas
16109;19668;impassable;-1;-1;-1;-1;-1;;Himalayas
10825;16981;impassable;-1;-1;-1;-1;-1;;Himalayas
10910;12807;impassable;-1;-1;-1;-1;-1;;Himalayas
4180;7112;sea;5958;-1;-1;-1;-1;;Honolulu-Kauai
1025;11985;sea;7932;-1;-1;-1;-1;;Japan-Kyushu
12265;13031;impassable;-1;3325;2559;3326;2559;;Japanese Pacific
1177;11948;sea;2708;-1;-1;-1;-1;;Jeju-Korea
4198;12032;sea;8472;-1;-1;-1;-1;;Kanoya-Yokushima
6741;9680;sea;8282;-1;-1;-1;-1;;Kerch Strait
7884;12661;sea;8538;-1;-1;-1;-1;;Kodiak-Alaska
1399;1515;sea;220;-1;-1;-1;-1;;Kurils 1
1515;13037;sea;5614;-1;-1;-1;-1;;Kurils 2
1512;13037;sea;5922;-1;-1;-1;-1;;Kurils 3
7046;10092;sea;8791;-1;-1;-1;-1;;Kyushu-Shikoku
1106;12001;sea;5913;-1;-1;-1;-1;;Lefkada
13048;13049;impassable;-1;3325;2559;3326;2559;;Line Islands 1
13049;13053;impassable;-1;3325;2559;3326;2559;;Line Islands 2
13050;13053;impassable;-1;3325;2559;3326;2559;;Line-Ellice
5205;10233;sea;13155;-1;-1;-1;-1;;Mackinac
4967;18824;sea;34;-1;-1;-1;-1;;Maldives
1002;13044;sea;2438;-1;-1;-1;-1;;Marshalls 1
4387;13020;sea;8290;-1;-1;-1;-1;;Marshalls 10
13041;13045;sea;2438;-1;-1;-1;-1;;Marshalls 2
13043;13044;sea;2462;-1;-1;-1;-1;;Marshalls 3
13039;13041;sea;7287;-1;-1;-1;-1;;Marshalls 4
13045;13046;sea;7062;-1;-1;-1;-1;;Marshalls 5
13040;13042;sea;8699;-1;-1;-1;-1;;Marshalls 6
7393;13040;sea;5941;-1;-1;-1;-1;;Marshalls 7
7393;13022;sea;8316;-1;-1;-1;-1;;Marshalls 8
4387;13021;sea;8290;-1;-1;-1;-1;;Marshalls 9
177;7123;sea;5533;-1;-1;-1;-1;;Martinique-Dominica
4180;7195;sea;5958;-1;-1;-1;-1;;Maui-Honolulu
3284;14424;sea;2597;-1;-1;-1;-1;;Miranda-Trinidad
1237;7390;impassable;-1;3325;2559;3326;2559;;NC-Nendo
7393;13038;impassable;-1;3325;2559;3326;2559;;Nauru-Marshalls thing
12112;12153;sea;8751;-1;-1;-1;-1;;Negros-Cebu
480;9431;sea;8621;-1;-1;-1;-1;;Netherlands outlier
4231;4268;sea;5660;-1;-1;-1;-1;;New Caledonia 1
1237;12120;sea;7698;-1;-1;-1;-1;;New Caledonia 2
4231;4247;sea;7246;-1;-1;-1;-1;;New Caledonia 3
4247;12120;sea;7472;-1;-1;-1;-1;;New Caledonia 4
4360;7304;sea;8614;-1;-1;-1;-1;;New Foundland-Strait
10231;10248;sea;430;-1;-1;-1;-1;;New Guinea-Fergusson
373;12680;sea;2361;-1;-1;-1;-1;;Newfoundland-Labrador
1117;9952;sea;2658;-1;-1;-1;-1;;Niigata-Sado
13023;13024;sea;2901;-1;-1;-1;-1;;North Marianas
12140;13023;sea;2901;-1;-1;-1;-1;;North Marianas-Guam
1814;12632;sea;5637;-1;-1;-1;-1;;North-South NZ Islands
3034;18401;sea;5869;-1;-1;-1;-1;;Northern-Straits
22;3016;sea;5792;-1;-1;-1;-1;;Northern-Straits
91;11090;sea;5792;-1;-1;-1;-1;;Northern-Straits
44;11050;sea;5792;-1;-1;-1;-1;;Northern-Straits
65;18415;sea;2530;-1;-1;-1;-1;;Norwegian Fjords
18383;18384;sea;2455;-1;-1;-1;-1;;Norwegian Fjords
53;3192;sea;1227;-1;-1;-1;-1;;Norwegian Fjords
18403;18404;sea;2530;-1;-1;-1;-1;;Norwegian Fjords
18385;18413;sea;2530;-1;-1;-1;-1;;Norwegian Fjords
9216;11100;sea;5942;-1;-1;-1;-1;;Norwegian Fjords
3090;18414;sea;5942;-1;-1;-1;-1;;Norwegian Fjords
199;18399;sea;2530;-1;-1;-1;-1;;Norwegian Fjords
3114;3188;sea;2530;-1;-1;-1;-1;;Norwegian Fjords
6116;18400;sea;2554;-1;-1;-1;-1;;Norwegian Fjords
6038;18416;sea;2554;-1;-1;-1;-1;;Norwegian Fjords
13055;13056;sea;8547;-1;-1;-1;-1;;Nukufetau-Funafuti
13054;13055;sea;8547;-1;-1;-1;-1;;Nukufetau-Funafuti
1123;10124;sea;8499;-1;-1;-1;-1;;Okinawa 1
1123;7115;sea;8318;-1;-1;-1;-1;;Okinawa 2
11932;19614;impassable;-1;3325;2559;3326;2559;;Okinawa thing
4357;12103;sea;3805;-1;-1;-1;-1;;Palau
4357;13028;impassable;-1;3325;2559;3326;2559;;Palau-Caroline
1261;10302;sea;2876;-1;-1;-1;-1;;Panay-Negros
4377;14727;sea;8572;-1;-1;-1;-1;;Philippines
14725;14728;sea;8751;-1;-1;-1;-1;;Philippines
14737;14738;sea;2899;-1;-1;-1;-1;;Philippines
1293;14729;sea;8751;-1;-1;-1;-1;;Philippines
4288;7419;sea;2971;-1;-1;-1;-1;;Philippines
10184;12245;sea;8797;-1;-1;-1;-1;;Philippines
1368;7307;sea;2876;-1;-1;-1;-1;;Philippines
10272;14720;sea;2876;-1;-1;-1;-1;;Philippines
10306;14719;sea;2876;-1;-1;-1;-1;;Philippines
7423;14720;sea;2876;-1;-1;-1;-1;;Philippines
10272;14716;sea;2876;-1;-1;-1;-1;;Philippines
12245;14738;sea;2899;-1;-1;-1;-1;;Philippines
10302;14722;sea;2876;-1;-1;-1;-1;;Philippines
1440;4155;sea;5507;-1;-1;-1;-1;;Puerto Rico-Virgin Islands
7982;18705;sea;2919;-1;-1;-1;-1;;Qeshm crossing
10000;19857;sea;2757;-1;-1;-1;-1;;Qingdao
16866;16868;sea;16998;-1;-1;-1;-1;;Russian North
16867;16868;sea;17139;-1;-1;-1;-1;;Russian North
13061;16866;sea;16998;-1;-1;-1;-1;;Russian North
10207;12530;sea;16874;-1;-1;-1;-1;;Russian North
9671;13285;sea;5430;-1;-1;-1;-1;;SF bay
3678;9671;sea;5430;-1;-1;-1;-1;;SF-Oakland
13084;19994;sea;2887;-1;-1;-1;-1;;Saint Martin-Anguilla
13420;19994;sea;2887;-1;-1;-1;-1;;Saint Martin-St. Kitts
3995;13024;sea;2855;-1;-1;-1;-1;;Saipan-Tinian
1742;7868;sea;2510;-1;-1;-1;-1;;Sakhalin-Siberia
7290;10188;impassable;-1;3325;2559;3326;2559;;Samoa-Society thing
7290;13080;sea;2549;-1;-1;-1;-1;;Samoan Islands
1311;4228;sea;2856;-1;-1;-1;-1;;San Bernardino Strait
4094;7212;sea;8791;-1;-1;-1;-1;;Shikoku-Chugoku
15873;15874;sea;8791;-1;-1;-1;-1;;Shikoku-Kansai
7072;15874;sea;8791;-1;-1;-1;-1;;Shikoku-Kansai
9965;15874;sea;8791;-1;-1;-1;-1;;Shikoku-Kansai
1092;4179;sea;8791;-1;-1;-1;-1;;Shikoku-Kansai
13420;19992;sea;2887;-1;-1;-1;-1;;Sint Maarten-St. Kitts
3305;8335;sea;2408;-1;-1;-1;-1;;Sjaelland
5621;6345;sea;2431;-1;-1;-1;-1;;Sjaelland
3260;3325;;2408;-1;-1;-1;-1;;Sjaelland-Fyn
6287;6345;sea;2382;-1;-1;-1;-1;;Skåne-Sjaelland
6287;9279;sea;2382;-1;-1;-1;-1;;Skåne-Sjaelland
211;299;sea;2282;-1;-1;-1;-1;;Småland-Öland
12148;15300;impassable;-1;3325;2559;3326;2559;;Society-Pitcairn thing
4306;4608;sea;5666;-1;-1;-1;-1;;Soerbaja-Madura
1042;7390;impassable;-1;3325;2559;3326;2559;;Solomon-Nendo
13420;19993;sea;2887;-1;-1;-1;-1;;St Kitts-Montserrat
177;13009;sea;5533;-1;-1;-1;-1;;St Lucia-Martinique
379;11350;sea;5533;-1;-1;-1;-1;;St Vincent-Barbados
379;13009;sea;5533;-1;-1;-1;-1;;St Vincent-St Lucia
4720;12698;sea;2935;-1;-1;-1;-1;;Strait of Belle Isle
14728;14729;sea;8751;-1;-1;-1;-1;;Surigao-Leyte
16819;16822;sea;17104;-1;-1;-1;-1;;Svalbard
10188;12148;sea;2253;-1;-1;-1;-1;;Tahiti-Raiatea
4228;7307;sea;2876;-1;-1;-1;-1;;Ticao Pass
7669;10276;sea;5263;-1;-1;-1;-1;;Tiwi-Darwin
3284;13012;sea;2597;-1;-1;-1;-1;;Tobago-Trinidad
1182;13025;impassable;-1;3325;2559;3326;2559;;South Tokyo islands
13025;13026;impassable;-1;3325;2559;3326;2559;;South Tokyo islands
19978;19966;impassable;-1;3325;2559;3326;2559;;South Tokyo islands
19966;13025;impassable;-1;3325;2559;3326;2559;;South Tokyo islands
2489;13033;sea;7918;-1;-1;-1;-1;;Truk-Hall Islands
3962;9859;sea;5946;-1;-1;-1;-1;;Tsugaru Strait
10011;12060;sea;7932;-1;-1;-1;-1;;Tsushima-Korea
1158;10011;sea;2708;-1;-1;-1;-1;;Tsushima-Kyushu
13028;13029;sea;2735;-1;-1;-1;-1;;Ulithi-Yap
10694;13090;sea;6064;-1;-1;-1;-1;;Unalaska-Unimak
2134;4155;sea;5507;-1;-1;-1;-1;;Us-BritishVirgin Islands
1393;7259;sea;5257;-1;-1;-1;-1;;Vancouver-Strait
11106;13012;impassable;-1;3325;2559;3326;2559;;WIF name placement
1002;13047;impassable;-1;3325;2559;3326;2559;;Wake-Marshalls thing
6062;6205;sea;3590;-1;-1;-1;-1;;West Scottish-Strait
591;18177;sea;6973;-1;-1;-1;-1;;adriatic islands
13278;14660;sea;6973;-1;-1;-1;-1;;adriatic islands
13278;18003;sea;6973;-1;-1;-1;-1;;adriatic islands
13278;18177;sea;6973;-1;-1;-1;-1;;adriatic islands
7127;13242;sea;6801;-1;-1;-1;-1;;aegean sea island
12776;13249;impassable;-1;-1;-1;-1;-1;;alxa league desert
2028;10770;impassable;-1;-1;-1;-1;-1;;alxa league desert
7727;8102;impassable;-1;-1;-1;-1;-1;;alxa league desert
5031;12327;impassable;-1;-1;-1;-1;-1;;alxa league desert
4783;8102;impassable;-1;-1;-1;-1;-1;;alxa league desert
5031;5100;impassable;-1;-1;-1;-1;-1;;alxa league desert
8102;10770;impassable;-1;-1;-1;-1;-1;;alxa league desert
7511;12776;impassable;-1;-1;-1;-1;-1;;alxa league desert
5031;12776;impassable;-1;-1;-1;-1;-1;;alxa league desert
7511;16857;impassable;-1;-1;-1;-1;-1;;alxa league desert
12750;12776;impassable;-1;-1;-1;-1;-1;;alxa league desert
5100;10770;impassable;-1;-1;-1;-1;-1;;alxa league desert
5008;17496;impassable;-1;-1;-1;-1;-1;;amapá
4980;17377;impassable;-1;-1;-1;-1;-1;;amapá
17444;17496;impassable;-1;-1;-1;-1;-1;;amapá
15126;17444;impassable;-1;-1;-1;-1;-1;;amapá
17377;17445;impassable;-1;-1;-1;-1;-1;;amapá
1928;5008;impassable;-1;-1;-1;-1;-1;;amapá
1928;4980;impassable;-1;-1;-1;-1;-1;;amapá
10874;14770;sea;2569;-1;-1;-1;-1;;amazon delta
5215;15121;impassable;-1;-1;-1;-1;-1;;amogus
5215;14801;impassable;-1;-1;-1;-1;-1;;amogus
14871;15056;impassable;-1;-1;-1;-1;-1;;andes mountains
2174;14884;impassable;-1;-1;-1;-1;-1;;andes mountains
8195;14871;impassable;-1;-1;-1;-1;-1;;andes mountains
2161;2169;impassable;-1;-1;-1;-1;-1;;andes mountains
14830;14938;impassable;-1;-1;-1;-1;-1;;andes mountains
14838;17506;impassable;-1;-1;-1;-1;-1;;andes mountains
650;2215;impassable;-1;-1;-1;-1;-1;;andes mountains
12920;14922;impassable;-1;-1;-1;-1;-1;;andes mountains
14839;14951;impassable;-1;-1;-1;-1;-1;;andes mountains
14859;14991;impassable;-1;-1;-1;-1;-1;;andes mountains
15017;15170;impassable;-1;-1;-1;-1;-1;;andes mountains
14928;17503;impassable;-1;-1;-1;-1;-1;;andes mountains
14850;15087;impassable;-1;-1;-1;-1;-1;;andes mountains
2174;14882;impassable;-1;-1;-1;-1;-1;;andes mountains
15170;17538;impassable;-1;-1;-1;-1;-1;;andes mountains
17538;17542;impassable;-1;-1;-1;-1;-1;;andes mountains
14818;17556;impassable;-1;-1;-1;-1;-1;;andes mountains
14839;14953;impassable;-1;-1;-1;-1;-1;;andes mountains
2179;14858;impassable;-1;-1;-1;-1;-1;;andes mountains
14843;14951;impassable;-1;-1;-1;-1;-1;;andes mountains
15508;17505;impassable;-1;-1;-1;-1;-1;;andes mountains
8195;14861;impassable;-1;-1;-1;-1;-1;;andes mountains
650;14834;impassable;-1;-1;-1;-1;-1;;andes mountains
650;17519;impassable;-1;-1;-1;-1;-1;;andes mountains
2174;14880;impassable;-1;-1;-1;-1;-1;;andes mountains
5192;14793;impassable;-1;-1;-1;-1;-1;;andes mountains
5118;8161;impassable;-1;-1;-1;-1;-1;;andes mountains
8192;17503;impassable;-1;-1;-1;-1;-1;;andes mountains
10986;17542;impassable;-1;-1;-1;-1;-1;;andes mountains
14808;15091;impassable;-1;-1;-1;-1;-1;;andes mountains
8198;15017;impassable;-1;-1;-1;-1;-1;;andes mountains
8192;8251;impassable;-1;-1;-1;-1;-1;;andes mountains
15058;17938;impassable;-1;-1;-1;-1;-1;;andes mountains
8161;17515;impassable;-1;-1;-1;-1;-1;;andes mountains
2179;14857;impassable;-1;-1;-1;-1;-1;;andes mountains
14938;17519;impassable;-1;-1;-1;-1;-1;;andes mountains
17511;17515;impassable;-1;-1;-1;-1;-1;;andes mountains
14852;15087;impassable;-1;-1;-1;-1;-1;;andes mountains
14793;14858;impassable;-1;-1;-1;-1;-1;;andes mountains
5146;15056;impassable;-1;-1;-1;-1;-1;;andes mountains
11005;17511;impassable;-1;-1;-1;-1;-1;;andes mountains
5192;14991;impassable;-1;-1;-1;-1;-1;;andes mountains
14953;17519;impassable;-1;-1;-1;-1;-1;;andes mountains
14843;15087;impassable;-1;-1;-1;-1;-1;;andes mountains
8192;17518;impassable;-1;-1;-1;-1;-1;;andes mountains
8161;14807;impassable;-1;-1;-1;-1;-1;;andes mountains
14839;14842;impassable;-1;-1;-1;-1;-1;;andes mountains
14808;14905;impassable;-1;-1;-1;-1;-1;;andes mountains
8231;17489;impassable;-1;-1;-1;-1;-1;;andes mountains
8161;17511;impassable;-1;-1;-1;-1;-1;;andes mountains
14838;17937;impassable;-1;-1;-1;-1;-1;;andes mountains
15091;15307;impassable;-1;-1;-1;-1;-1;;andes mountains
14861;14991;impassable;-1;-1;-1;-1;-1;;andes mountains
2174;8231;impassable;-1;-1;-1;-1;-1;;andes mountains
15023;17508;impassable;-1;-1;-1;-1;-1;;andes mountains
14830;14934;impassable;-1;-1;-1;-1;-1;;andes mountains
14819;17556;impassable;-1;-1;-1;-1;-1;;andes mountains
15017;17544;impassable;-1;-1;-1;-1;-1;;andes mountains
15058;17506;impassable;-1;-1;-1;-1;-1;;andes mountains
650;15058;impassable;-1;-1;-1;-1;-1;;andes mountains
14806;15024;impassable;-1;-1;-1;-1;-1;;andes mountains
14858;15038;impassable;-1;-1;-1;-1;-1;;andes mountains
14803;15003;impassable;-1;-1;-1;-1;-1;;andes mountains
14818;14914;impassable;-1;-1;-1;-1;-1;;andes mountains
14953;17506;impassable;-1;-1;-1;-1;-1;;andes mountains
14853;15050;impassable;-1;-1;-1;-1;-1;;andes mountains
15090;17511;impassable;-1;-1;-1;-1;-1;;andes mountains
5169;15090;impassable;-1;-1;-1;-1;-1;;andes mountains
15023;17502;impassable;-1;-1;-1;-1;-1;;andes mountains
14852;15050;impassable;-1;-1;-1;-1;-1;;andes mountains
2215;17519;impassable;-1;-1;-1;-1;-1;;andes mountains
14842;14951;impassable;-1;-1;-1;-1;-1;;andes mountains
14840;14951;impassable;-1;-1;-1;-1;-1;;andes mountains
14857;14979;impassable;-1;-1;-1;-1;-1;;andes mountains
14861;15056;impassable;-1;-1;-1;-1;-1;;andes mountains
5146;8195;impassable;-1;-1;-1;-1;-1;;andes mountains
3305;6361;impassable;-1;3325;2559;3326;2559;;argentina name placement
15016;15103;impassable;-1;3325;2559;3326;2559;;argentina name placement
1759;12645;impassable;-1;3325;2559;3326;2559;;australia name placement
13467;15806;sea;2691;-1;-1;-1;-1;;bahrain
15806;15807;sea;2691;-1;-1;-1;-1;;bahrain
7114;9793;sea;8845;-1;-1;-1;-1;;balerics 1
9793;9845;sea;8871;-1;-1;-1;-1;;balerics 2
7293;19297;sea;2239;-1;-1;-1;-1;;bali-lombok
7396;15703;sea;4225;-1;-1;-1;-1;;banga belitung
4409;15703;sea;5641;-1;-1;-1;-1;;banga belitung-borneo
12126;19209;sea;436;-1;-1;-1;-1;;banyak-nias
11009;15105;sea;15106;-1;-1;-1;-1;;beagle channel
15104;15105;sea;15106;-1;-1;-1;-1;;beagle channel islands
1361;4352;sea;7010;-1;-1;-1;-1;;bismarck archipelago
4352;7339;sea;7010;-1;-1;-1;-1;;bismarck archipelago
4421;7251;sea;7010;-1;-1;-1;-1;;bismarck archipelago
3868;15616;sea;3401;-1;-1;-1;-1;;brac island croatia
3924;15616;sea;3401;-1;-1;-1;-1;;brac island croatia
14661;15616;sea;3401;-1;-1;-1;-1;;brac island croatia
3329;6350;impassable;-1;3325;2559;3326;2559;;britain name placement
6196;11064;impassable;-1;3325;2559;3326;2559;;britain name placement
3311;6350;impassable;-1;3325;2559;3326;2559;;britain name placement
7371;7387;sea;2857;-1;-1;-1;-1;;brunei
7387;19234;sea;2857;-1;-1;-1;-1;;brunei-labuan
10294;19330;impassable;-1;-1;-1;-1;-1;;bukit barisan
10194;19295;impassable;-1;-1;-1;-1;-1;;bukit barisan
15719;19294;impassable;-1;-1;-1;-1;-1;;bukit barisan
19230;19235;impassable;-1;-1;-1;-1;-1;;bukit barisan
12343;19364;impassable;-1;-1;-1;-1;-1;;bukit barisan
1648;19295;impassable;-1;-1;-1;-1;-1;;bukit barisan
1648;19305;impassable;-1;-1;-1;-1;-1;;bukit barisan
19330;19346;impassable;-1;-1;-1;-1;-1;;bukit barisan
10294;19324;impassable;-1;-1;-1;-1;-1;;bukit barisan
12415;19302;impassable;-1;-1;-1;-1;-1;;bukit barisan
12343;19312;impassable;-1;-1;-1;-1;-1;;bukit barisan
10194;12415;impassable;-1;-1;-1;-1;-1;;bukit barisan
1401;19235;impassable;-1;-1;-1;-1;-1;;bukit barisan
12343;19360;impassable;-1;-1;-1;-1;-1;;bukit barisan
7308;19346;impassable;-1;-1;-1;-1;-1;;bukit barisan
10150;19294;impassable;-1;-1;-1;-1;-1;;bukit barisan
15722;19230;impassable;-1;-1;-1;-1;-1;;bukit barisan
1274;15719;impassable;-1;-1;-1;-1;-1;;bukit barisan
12138;19302;impassable;-1;-1;-1;-1;-1;;bukit barisan
10225;15719;impassable;-1;-1;-1;-1;-1;;bukit barisan
10225;19332;impassable;-1;-1;-1;-1;-1;;bukit barisan
19230;19312;impassable;-1;-1;-1;-1;-1;;bukit barisan
19222;19312;impassable;-1;-1;-1;-1;-1;;bukit barisan
10150;19346;impassable;-1;-1;-1;-1;-1;;bukit barisan
12212;19360;impassable;-1;-1;-1;-1;-1;;bukit barisan
19305;19324;impassable;-1;-1;-1;-1;-1;;bukit barisan
3691;17261;impassable;-1;3325;2559;3326;2559;;canada name placement
4430;7788;impassable;-1;3325;2559;3326;2559;;canada name placement
1869;10548;impassable;-1;3325;2559;3326;2559;;canada name placement
1712;17212;impassable;-1;3325;2559;3326;2559;;canada name placement
16853;17212;impassable;-1;3325;2559;3326;2559;;canada name placement
16862;16865;impassable;-1;3325;2559;3326;2559;;canada name placement
3691;17255;impassable;-1;3325;2559;3326;2559;;canada name placement
3868;14662;impassable;-1;3325;2559;3326;2559;;cattaro name placement
10409;19280;sea;5320;-1;-1;-1;-1;;central maluku
1574;7557;sea;5390;-1;-1;-1;-1;;central maluku
4468;10409;sea;5320;-1;-1;-1;-1;;central maluku-papua
7369;7557;sea;4899;-1;-1;-1;-1;;central-north maluku
1574;10342;sea;5390;-1;-1;-1;-1;;central-north maluku
19231;19280;sea;5290;-1;-1;-1;-1;;central-south maluku
6449;11965;sea;2871;-1;-1;-1;-1;;channel islands link
788;865;sea;8492;-1;-1;-1;-1;;cheskapeake bay
788;3917;sea;8492;-1;-1;-1;-1;;cheskapeake bay
14813;14816;impassable;-1;-1;-1;-1;-1;;chilean andes
5191;14843;impassable;-1;-1;-1;-1;-1;;chilean andes
14858;14979;impassable;-1;-1;-1;-1;-1;;chilean andes
2179;17552;impassable;-1;-1;-1;-1;-1;;chilean andes
5169;14808;impassable;-1;-1;-1;-1;-1;;chilean andes
14837;15508;impassable;-1;-1;-1;-1;-1;;chilean andes
5192;14858;impassable;-1;-1;-1;-1;-1;;chilean andes
14880;17523;impassable;-1;-1;-1;-1;-1;;chilean andes
14852;14854;impassable;-1;-1;-1;-1;-1;;chilean andes
14843;14844;impassable;-1;-1;-1;-1;-1;;chilean andes
14818;15307;impassable;-1;-1;-1;-1;-1;;chilean andes
14844;14850;impassable;-1;-1;-1;-1;-1;;chilean andes
8194;14851;impassable;-1;-1;-1;-1;-1;;chilean andes
5159;17501;sea;17953;-1;-1;-1;-1;;chilean islands
10116;12462;sea;6633;-1;-1;-1;-1;;chilika lake india
12954;14889;sea;5424;-1;-1;-1;-1;;chiloe-mainland
6550;16210;sea;7452;-1;-1;-1;-1;;chios to asia minor
914;10203;sea;5864;-1;-1;-1;-1;;corfu
9805;10203;sea;5864;-1;-1;-1;-1;;corfu south
6771;9718;sea;8282;-1;-1;-1;-1;;crimea
849;9887;sea;7678;-1;-1;-1;-1;;dardanelles crossing
3573;11715;sea;588;-1;-1;-1;-1;;dnieper lake crossing
488;9491;sea;15657;-1;-1;-1;-1;;dniper river
3573;11422;sea;588;-1;-1;-1;-1;;dniper river
9957;10099;sea;5388;-1;-1;-1;-1;;egypt-sinai
11833;15192;sea;5579;-1;-1;-1;-1;;elba link
3864;13241;sea;7452;-1;-1;-1;-1;;euboea nw
6300;16374;sea;2942;-1;-1;-1;-1;;firth of forth
10219;12151;sea;5414;-1;-1;-1;-1;;flores-south maluku
11804;13580;impassable;-1;3325;2559;3326;2559;;france name placement
10035;12010;sea;5873;-1;-1;-1;-1;;ganges delta
10035;11968;sea;5873;-1;-1;-1;-1;;ganges delta
6621;9597;sea;5108;-1;-1;-1;-1;;gironde estuary
12058;16184;impassable;-1;3325;2559;3326;2559;;greece name placement
15578;16265;impassable;-1;3325;2559;3326;2559;;greece name placement
1205;7211;sea;5913;-1;-1;-1;-1;;gulf of patras
374;3368;sea;2729;-1;-1;-1;-1;;hamburg river thing
3368;6349;sea;2729;-1;-1;-1;-1;;hamburg river thing
9458;16327;sea;2895;-1;-1;-1;-1;;hampshire
1096;19822;sea;8396;-1;-1;-1;-1;;hangzhou bay
4189;10062;sea;5269;-1;-1;-1;-1;;hong kong macau ferry
962;7114;impassable;-1;3325;2559;3326;2559;;iberia balearic name placement
3868;14661;sea;3401;-1;-1;-1;-1;;in croatia
16263;16264;sea;7226;-1;-1;-1;-1;;inter cyclades
4171;16263;sea;7226;-1;-1;-1;-1;;inter cyclades
16264;16265;sea;6801;-1;-1;-1;-1;;inter cyclades
13242;15578;sea;6801;-1;-1;-1;-1;;inter cyclades
13242;16264;sea;6801;-1;-1;-1;-1;;inter cyclades
7003;10007;sea;7226;-1;-1;-1;-1;;italian rhodes
9772;9845;impassable;-1;3325;2559;3326;2559;;italy balearic name placement
7059;13177;impassable;-1;3325;2559;3326;2559;;italy name placement
6979;10203;impassable;-1;3325;2559;3326;2559;;italy name placement
6891;11751;impassable;-1;3325;2559;3326;2559;;italy name placement
11891;15192;impassable;-1;3325;2559;3326;2559;;italy name placement
1106;10203;impassable;-1;3325;2559;3326;2559;;italy name placement
957;6944;impassable;-1;3325;2559;3326;2559;;japan name placement
6851;11835;impassable;-1;3325;2559;3326;2559;;japan name placement
4198;7115;impassable;-1;3325;2559;3326;2559;;japan name placement
7654;19326;sea;2440;-1;-1;-1;-1;;java-bali
4608;19325;sea;5666;-1;-1;-1;-1;;java-bawean
4306;19356;sea;2785;-1;-1;-1;-1;;java-madura
12207;16964;impassable;-1;3325;2559;3326;2559;;kamchatka name placement
4224;18650;impassable;-1;-1;-1;-1;-1;;kazakh-kyrgyz mountains
13262;14741;impassable;-1;-1;-1;-1;-1;;kazakh-kyrgyz mountains
1591;18697;impassable;-1;-1;-1;-1;-1;;kazakh-kyrgyz mountains
1591;13271;impassable;-1;-1;-1;-1;-1;;kazakh-kyrgyz mountains
10660;14742;impassable;-1;-1;-1;-1;-1;;kazakh-kyrgyz mountains
10660;14741;impassable;-1;-1;-1;-1;-1;;kazakh-kyrgyz mountains
1840;4391;impassable;-1;-1;-1;-1;-1;;kazakh-kyrgyz mountains
7706;10603;impassable;-1;-1;-1;-1;-1;;kazakh-kyrgyz mountains
1591;18650;impassable;-1;-1;-1;-1;-1;;kazakh-kyrgyz mountains
7706;12640;impassable;-1;-1;-1;-1;-1;;kazakh-kyrgyz mountains
10603;18645;impassable;-1;-1;-1;-1;-1;;kazakh-kyrgyz mountains
13266;14741;impassable;-1;-1;-1;-1;-1;;kazakh-kyrgyz mountains
10187;14742;impassable;-1;-1;-1;-1;-1;;kazakh-uzbek mountains
14742;18643;impassable;-1;-1;-1;-1;-1;;kazakh-uzbek mountains
4316;18663;impassable;-1;-1;-1;-1;-1;;kyrgyz mountains
12583;18657;impassable;-1;-1;-1;-1;-1;;kyrgyz mountains
18657;18675;impassable;-1;-1;-1;-1;-1;;kyrgyz mountains
12370;18663;impassable;-1;-1;-1;-1;-1;;kyrgyz mountains
7638;10447;sea;5975;-1;-1;-1;-1;;lagoa dos patos
592;9408;sea;13127;-1;-1;-1;-1;;lake peipus
5119;7782;sea;13163;-1;-1;-1;-1;;lake winnipeg
6864;8435;sea;7452;-1;-1;-1;-1;;lesbos to asia minor
970;15351;sea;5336;-1;-1;-1;-1;;lisbon
7293;10191;sea;2239;-1;-1;-1;-1;;lombok-sumbawa
19370;19383;sea;8676;-1;-1;-1;-1;;luzon-babuyan
5201;14797;sea;8913;-1;-1;-1;-1;;magellan strait
1208;19250;impassable;-1;3325;2559;3326;2559;;malaysia name placement
19250;19268;impassable;-1;3325;2559;3326;2559;;malaysia name placement
4367;19268;impassable;-1;3325;2559;3326;2559;;malaysia name placement
14434;14682;impassable;-1;3325;2559;3326;2559;;malta name placement
1944;17370;sea;2232;-1;-1;-1;-1;;maracaibo
15105;15121;sea;15106;-1;-1;-1;-1;;murder island
15105;17939;sea;15108;-1;-1;-1;-1;;murder island
15104;17936;sea;15106;-1;-1;-1;-1;;murder island
15100;17936;sea;15106;-1;-1;-1;-1;;murder island
11900;13577;sea;8492;-1;-1;-1;-1;;near washington dc
6892;11892;sea;8492;-1;-1;-1;-1;;near washington dc
1428;19219;sea;812;-1;-1;-1;-1;;nias-mentawai
19212;19255;sea;1236;-1;-1;-1;-1;;nias-nias
1428;19212;sea;812;-1;-1;-1;-1;;nias-nias
12126;19219;sea;812;-1;-1;-1;-1;;nias-nias
1437;10342;sea;4899;-1;-1;-1;-1;;north maluku
1437;7413;sea;4899;-1;-1;-1;-1;;north maluku
7369;10342;sea;4899;-1;-1;-1;-1;;north maluku
4468;10141;sea;4899;-1;-1;-1;-1;;north maluku-papua
4211;7369;sea;4899;-1;-1;-1;-1;;north maluku-sulawesi
316;3206;sea;2506;-1;-1;-1;-1;;northern denmark
44;16825;impassable;-1;3325;2559;3326;2559;;norway name placement
16825;16826;impassable;-1;3325;2559;3326;2559;;norway name placement
10440;15598;impassable;-1;3325;2559;3326;2559;;ofn name placement
7813;10245;impassable;-1;3325;2559;3326;2559;;ofn name placement
1440;10440;impassable;-1;3325;2559;3326;2559;;ofn name placement
10440;12304;impassable;-1;3325;2559;3326;2559;;ofn name placement
10440;15634;impassable;-1;3325;2559;3326;2559;;ofn name placement
4982;11350;impassable;-1;3325;2559;3326;2559;;ofn name placement
10906;11350;impassable;-1;3325;2559;3326;2559;;ofn name placement
10636;12674;impassable;-1;3325;2559;3326;2559;;ofn name placement
4647;9834;impassable;-1;3325;2559;3326;2559;;ofn name placement
2077;12477;impassable;-1;3325;2559;3326;2559;;ofn name placement
4615;7520;impassable;-1;3325;2559;3326;2559;;ofn name placement
3501;18117;impassable;-1;3325;2559;3326;2559;;pakt name placement
394;11176;impassable;-1;3325;2559;3326;2559;;pakt name placement
4768;19725;impassable;-1;-1;-1;-1;-1;;pamir mountains
5062;12119;impassable;-1;-1;-1;-1;-1;;pamir mountains
1703;4391;impassable;-1;-1;-1;-1;-1;;pamir mountains
5062;19725;impassable;-1;-1;-1;-1;-1;;pamir mountains
4391;12526;impassable;-1;-1;-1;-1;-1;;pamir mountains
13254;19792;impassable;-1;-1;-1;-1;-1;;pamir mountains
4391;19725;impassable;-1;-1;-1;-1;-1;;pamir mountains
12119;12370;impassable;-1;-1;-1;-1;-1;;pamir mountains
18663;19781;impassable;-1;-1;-1;-1;-1;;pamir mountains
12511;19725;impassable;-1;-1;-1;-1;-1;;pamir mountains
4624;14790;impassable;-1;3325;2559;3326;2559;;panama name placement
4509;7542;sea;2585;-1;-1;-1;-1;;papua-biak
1091;15897;sea;5345;-1;-1;-1;-1;;penghu island crossing
4998;8090;impassable;-1;-1;-1;-1;-1;;peshawar mountains
10826;16000;impassable;-1;-1;-1;-1;-1;;peshawar mountains
7519;16006;impassable;-1;-1;-1;-1;-1;;peshawar mountains
15971;16001;impassable;-1;-1;-1;-1;-1;;peshawar mountains
4558;7519;impassable;-1;-1;-1;-1;-1;;peshawar mountains
4558;14750;impassable;-1;-1;-1;-1;-1;;peshawar mountains
10826;18884;impassable;-1;-1;-1;-1;-1;;peshawar mountains
16003;18658;impassable;-1;-1;-1;-1;-1;;peshawar mountains
10826;16004;impassable;-1;-1;-1;-1;-1;;peshawar mountains
5082;16003;impassable;-1;-1;-1;-1;-1;;peshawar mountains
14752;16006;impassable;-1;-1;-1;-1;-1;;peshawar mountains
2084;7519;impassable;-1;-1;-1;-1;-1;;peshawar mountains
10826;16006;impassable;-1;-1;-1;-1;-1;;peshawar mountains
4998;5082;impassable;-1;-1;-1;-1;-1;;peshawar mountains
12113;19213;sea;5539;-1;-1;-1;-1;;riau islands
12113;19031;sea;5539;-1;-1;-1;-1;;riau islands-malaya
12113;12299;sea;5539;-1;-1;-1;-1;;riau islands-singapore
1224;4373;sea;8751;-1;-1;-1;-1;;samar-leyte
4171;7130;sea;7226;-1;-1;-1;-1;;samos and ikaria
849;15579;sea;7452;-1;-1;-1;-1;;samothraki east
15579;16204;sea;7452;-1;-1;-1;-1;;samothraki north
3838;6891;sea;5579;-1;-1;-1;-1;;sardinia-corsica
1042;1085;sea;9014;-1;-1;-1;-1;;solomon islands
10319;12265;sea;5868;-1;-1;-1;-1;;solomon islands
1085;4252;sea;9052;-1;-1;-1;-1;;solomon islands
4252;12265;sea;5868;-1;-1;-1;-1;;solomon islands
1329;10251;sea;430;-1;-1;-1;-1;;solomon islands
1042;7437;sea;9014;-1;-1;-1;-1;;solomon islands
4421;10234;sea;7010;-1;-1;-1;-1;;solomon islands
1085;7437;sea;9014;-1;-1;-1;-1;;solomon islands
4292;10319;sea;5868;-1;-1;-1;-1;;solomon islands
10219;19351;sea;5414;-1;-1;-1;-1;;south maluku
19353;19354;sea;5238;-1;-1;-1;-1;;south maluku
19351;19353;sea;5462;-1;-1;-1;-1;;south maluku
4579;19231;sea;5290;-1;-1;-1;-1;;south maluku
19231;19354;sea;5290;-1;-1;-1;-1;;south maluku
10219;13001;sea;5414;-1;-1;-1;-1;;south maluku-timor
10145;19275;impassable;-1;3325;2559;3326;2559;;sphere name placement
11986;15897;impassable;-1;3325;2559;3326;2559;;sphere name placement
19026;19268;impassable;-1;3325;2559;3326;2559;;sphere name placement
12218;12314;impassable;-1;-1;-1;-1;-1;;stalinabad mountains
3340;6334;sea;2358;-1;-1;-1;-1;;stettin lagoon
8241;15278;sea;2236;-1;-1;-1;-1;;stewart island
161;8753;sea;1211;-1;-1;-1;-1;;stockholm land
4159;9990;sea;5681;-1;-1;-1;-1;;strait of messina
4211;19265;sea;5343;-1;-1;-1;-1;;sulawesi
4349;19266;sea;2124;-1;-1;-1;-1;;sulawesi
4564;10222;sea;5515;-1;-1;-1;-1;;sulawesi
19233;19264;sea;5515;-1;-1;-1;-1;;sulawesi
1351;10153;sea;5294;-1;-1;-1;-1;;sulawesi
12444;19233;sea;5515;-1;-1;-1;-1;;sulawesi
10222;19264;sea;5515;-1;-1;-1;-1;;sulawesi
10181;19220;sea;8822;-1;-1;-1;-1;;sulawesi-borneo
12171;19234;sea;2857;-1;-1;-1;-1;;sulu-labuan
1306;10184;sea;8797;-1;-1;-1;-1;;sulu-sabah
1313;7396;sea;4225;-1;-1;-1;-1;;sumatra-bangka belitung
15695;19209;sea;436;-1;-1;-1;-1;;sumatra-banyak
1277;19289;sea;5960;-1;-1;-1;-1;;sumatra-bengkalis
10279;19260;sea;2714;-1;-1;-1;-1;;sumatra-java
1428;19355;sea;812;-1;-1;-1;-1;;sumatra-nias
1460;12126;sea;436;-1;-1;-1;-1;;sumatra-nias
12184;19213;sea;5615;-1;-1;-1;-1;;sumatra-riau islands
12113;19289;sea;5539;-1;-1;-1;-1;;sumatra-riau islands
1355;12234;sea;2317;-1;-1;-1;-1;;sumba-timor
1298;12162;sea;2124;-1;-1;-1;-1;;sumbawa-flores
211;6258;impassable;-1;3325;2559;3326;2559;;sweden name placement
4542;18647;impassable;-1;-1;-1;-1;-1;;tajik-kyrgyzstan mountains
18638;18646;impassable;-1;-1;-1;-1;-1;;tajik-kyrgyzstan mountains
18638;18640;impassable;-1;-1;-1;-1;-1;;tajik-kyrgyzstan mountains
18647;18653;impassable;-1;-1;-1;-1;-1;;tajik-kyrgyzstan mountains
18646;18647;impassable;-1;-1;-1;-1;-1;;tajik-kyrgyzstan mountains
4467;18647;impassable;-1;-1;-1;-1;-1;;tajik-kyrgyzstan mountains
4923;13253;impassable;-1;-1;-1;-1;-1;;tajik-kyrgyzstan mountains
4923;13254;impassable;-1;-1;-1;-1;-1;;tajik-kyrgyzstan mountains
18652;18689;impassable;-1;-1;-1;-1;-1;;tajik-uzbek mountains
18643;18696;impassable;-1;-1;-1;-1;-1;;tajik-uzbek mountains
1216;18659;impassable;-1;-1;-1;-1;-1;;tajik-uzbek mountains
18694;18696;impassable;-1;-1;-1;-1;-1;;tajik-uzbek mountains
13255;18694;impassable;-1;-1;-1;-1;-1;;tajik-uzbek mountains
18671;18689;impassable;-1;-1;-1;-1;-1;;tajik-uzbek mountains
1919;18652;impassable;-1;-1;-1;-1;-1;;tajik-uzbek mountains
1216;18686;impassable;-1;-1;-1;-1;-1;;tajik-uzbek mountains
1384;18659;impassable;-1;-1;-1;-1;-1;;tajik-uzbek mountains
4184;9998;sea;5664;-1;-1;-1;-1;;tokyo bay
4985;5074;impassable;-1;3325;2559;3326;2559;;triumvirate name placement
7026;16193;impassable;-1;3325;2559;3326;2559;;turkey name placement
10502;10515;sea;5951;-1;-1;-1;-1;;uruguay river
4457;14891;sea;5951;-1;-1;-1;-1;;uruguay river
10660;18617;impassable;-1;-1;-1;-1;-1;;uzbek-kyrgyz mountains
10660;18643;impassable;-1;-1;-1;-1;-1;;uzbek-kyrgyz mountains
10660;18622;impassable;-1;-1;-1;-1;-1;;uzbek-kyrgyz mountains
4109;15578;sea;6801;-1;-1;-1;-1;;western cyclades
7014;11928;sea;8396;-1;-1;-1;-1;;yangtze delta
12052;19890;sea;8396;-1;-1;-1;-1;;yangtze delta
2196;13879;sea;5394;-1;-1;-1;-1;;zanzibar
13888;13891;sea;5369;-1;-1;-1;-1;;zanzibar
13879;13888;sea;5394;-1;-1;-1;-1;;zanzibar
185;3074;sea;1885;-1;-1;-1;-1;;Ösel-Dagö
17944;17958;sea;10961;-1;-1;-1;-1;AYSEN_CANAL;Chile
8961;15106;;-1;-1;-1;-1;-1;BEAGLE_CHANNEL;Beagle Channel
15106;15107;;-1;-1;-1;-1;-1;BEAGLE_CHANNEL;Beagle Channel
5412;7678;;-1;-1;-1;-1;-1;BOSPHORUS_STRAIT;Bosphorus
2455;2506;;-1;-1;-1;-1;-1;DANISH_BELTS_STRAIT;Øresund
5382;5407;;-1;-1;-1;-1;-1;GIBRALTAR_STRAIT;Gibraltar North
2400;5407;;-1;-1;-1;-1;-1;GIBRALTAR_STRAIT;Gibraltar South
2408;2729;sea;6257;2949;1598;2962;1612;KIEL_CANAL;Kiel
2532;8913;;-1;-1;-1;-1;-1;MAGELLAN_STRAIT;Magellan Strait
8913;8986;;-1;-1;-1;-1;-1;MAGELLAN_STRAIT;Magellan Strait
7452;7678;sea;849;-1;-1;-1;-1;MARMARA_CANAL;Marmara
2284;8857;sea;7617;1560;1009;1556;1016;PANAMA_CANAL;Panama
803;5388;sea;1155;-1;-1;-1;-1;SUEZ_CANAL;Suez
-1;-1;;-1;-1;-1;-1;-1;-1
